Experience,Education,Skill_Match,Communication,Result
Senior,Bachelor,High,Weak,0
Junior,Master,High,Weak,0
Senior,Bachelor,High,Weak,0
Senior,Master,High,Strong,1
Junior,Master,Low,Strong,0
Junior,PhD,Low,Weak,0
Senior,Master,High,Weak,0
Mid,PhD,Low,Weak,0
Senior,Bachelor,Low,Weak,0
Senior,Bachelor,High,Strong,1
Senior,Bachelor,Low,Strong,0
Senior,Bachelor,High,Weak,0
Junior,PhD,Low,Weak,0
Senior,Bachelor,High,Strong,1
Mid,Master,High,Strong,1
Junior,Master,High,Weak,0
Mid,Master,High,Weak,0
Mid,PhD,Low,Weak,0
Mid,Bachelor,High,Strong,1
Mid,Bachelor,High,Strong,1
Junior,Bachelor,High,Strong,1
Junior,PhD,Low,Weak,0
Mid,Master,High,Weak,0
Mid,Master,Low,Strong,0
Junior,Bachelor,High,Strong,1
Junior,Master,Low,Weak,0
Junior,Master,Low,Strong,0
Senior,PhD,High,Strong,1
Senior,PhD,Low,Weak,0
Senior,PhD,High,Strong,1
Mid,PhD,High,Weak,0
Senior,Bachelor,High,Weak,0
Mid,PhD,Low,Weak,0
Mid,Master,Low,Weak,0
Senior,Bachelor,High,Weak,0
Mid,Master,High,Weak,0
Senior,Master,Low,Weak,0
Senior,Master,High,Strong,1
Junior,PhD,High,Weak,0
Senior,PhD,High,Weak,0
Junior,Bachelor,Low,Strong,0
Senior,Bachelor,Low,Strong,0
Senior,PhD,Low,Strong,1
Junior,Master,High,Weak,0
Junior,Bachelor,High,Strong,1
Senior,PhD,High,Weak,0
Mid,PhD,Low,Weak,0
Junior,PhD,High,Weak,0
Mid,Master,High,Weak,0
Mid,PhD,High,Strong,1
Mid,PhD,High,Strong,1
Junior,PhD,Low,Weak,0
Mid,PhD,Low,Weak,0
Junior,Bachelor,High,Weak,0
Mid,Bachelor,Low,Strong,0
Senior,PhD,Low,Weak,0
Senior,Master,High,Weak,0
Junior,Bachelor,High,Strong,1
Senior,PhD,Low,Strong,1
Senior,Bachelor,High,Weak,0
Mid,Bachelor,Low,Strong,0
Junior,Master,High,Strong,1
Mid,PhD,Low,Weak,0
Mid,PhD,High,Strong,1
Mid,Master,Low,Weak,0
Mid,Master,Low,Strong,0
Mid,PhD,Low,Weak,0
Mid,PhD,High,Weak,0
Mid,Master,Low,Weak,0
Junior,Bachelor,Low,Strong,0
Senior,Bachelor,High,Weak,0
Mid,Master,High,Strong,1
Mid,Bachelor,Low,Weak,0
Mid,Master,Low,Weak,0
Mid,Bachelor,High,Strong,1
Mid,Bachelor,High,Weak,0
Mid,PhD,High,Weak,0
Senior,PhD,High,Strong,1
Senior,Bachelor,High,Weak,0
Mid,Bachelor,Low,Weak,0
Senior,PhD,High,Weak,0
Junior,PhD,Low,Weak,0
Mid,PhD,Low,Strong,0
Junior,Master,Low,Strong,0
Junior,Bachelor,High,Weak,0
Mid,PhD,Low,Strong,0
Senior,Bachelor,Low,Weak,0
Junior,Master,High,Strong,1
Mid,Master,Low,Weak,0
Junior,PhD,Low,Weak,0
Junior,Master,High,Weak,0
Junior,Bachelor,Low,Weak,0
Junior,PhD,Low,Weak,0
Senior,Bachelor,Low,Weak,0
Junior,Bachelor,High,Strong,1
Junior,Master,High,Weak,0
Junior,Master,High,Strong,1
Senior,Master,Low,Weak,0
Junior,Master,Low,Strong,0
Junior,Master,High,Strong,1
Senior,PhD,Low,Strong,1
Senior,Bachelor,Low,Weak,0
Senior,Bachelor,High,Weak,0
Junior,Bachelor,High,Strong,1
Senior,Bachelor,Low,Weak,0
Senior,Master,Low,Strong,1
Junior,Bachelor,Low,Weak,0
Senior,PhD,High,Strong,1
Junior,PhD,High,Strong,1
Mid,Bachelor,High,Weak,0
Senior,Bachelor,High,Strong,1
Mid,PhD,Low,Weak,0
Junior,PhD,High,Strong,1
Senior,Master,High,Strong,1
Junior,PhD,High,Weak,0
Mid,Master,High,Weak,0
Junior,Master,High,Weak,0
Senior,Master,Low,Strong,1
Senior,Master,Low,Weak,0
Mid,Master,High,Strong,1
Junior,Bachelor,Low,Strong,0
Senior,PhD,High,Weak,0
Mid,Master,High,Weak,0
Senior,PhD,Low,Strong,1
Senior,PhD,Low,Strong,1
Junior,Master,High,Weak,0
Senior,Bachelor,High,Weak,0
Junior,Master,High,Weak,0
Senior,Bachelor,Low,Weak,0
Mid,PhD,High,Weak,0
Senior,Bachelor,High,Strong,1
Junior,Bachelor,High,Strong,1
Junior,Bachelor,Low,Strong,0
Mid,PhD,High,Strong,1
Senior,PhD,High,Weak,0
Senior,Bachelor,Low,Weak,0
Mid,Bachelor,High,Weak,0
Senior,Master,High,Strong,1
Senior,Bachelor,Low,Strong,0
Junior,Master,High,Weak,0
Senior,Bachelor,Low,Weak,0
Senior,Master,Low,Strong,1
Mid,PhD,High,Strong,1
Mid,Bachelor,High,Weak,0
Junior,Bachelor,High,Weak,0
Senior,Bachelor,High,Strong,1
Senior,Bachelor,Low,Weak,0
Senior,Master,High,Weak,0
Junior,Bachelor,Low,Weak,0
Junior,PhD,High,Strong,1
Mid,PhD,High,Strong,1
Junior,Bachelor,High,Strong,1
Senior,PhD,Low,Strong,1
Senior,Bachelor,High,Strong,1
Junior,Bachelor,High,Strong,1
Senior,PhD,High,Strong,1
Senior,Bachelor,High,Weak,0
Junior,PhD,Low,Weak,0
Junior,Master,High,Weak,0
Senior,Bachelor,Low,Weak,0
Senior,Master,Low,Weak,0
Senior,PhD,Low,Weak,0
Mid,Master,Low,Weak,0
Mid,Master,Low,Strong,0
Mid,PhD,Low,Strong,0
Junior,Master,High,Weak,0
Mid,Master,Low,Weak,0
Junior,PhD,Low,Strong,0
Junior,Master,Low,Weak,0
Mid,PhD,High,Weak,0
Mid,Master,High,Strong,1
Mid,PhD,Low,Weak,0
Senior,PhD,High,Strong,1
Mid,Master,Low,Weak,0
Senior,Master,Low,Strong,1
Junior,Master,High,Strong,1
Senior,Bachelor,Low,Strong,0
Mid,Bachelor,High,Weak,0
Junior,Bachelor,High,Strong,1
Junior,PhD,Low,Weak,0
Junior,Master,Low,Weak,0
Senior,PhD,High,Weak,0
Mid,Bachelor,Low,Weak,0
Junior,Master,Low,Strong,0
Junior,PhD,Low,Strong,0
Junior,Master,High,Weak,0
Senior,PhD,High,Weak,0
Senior,Master,Low,Strong,1
Mid,Bachelor,High,Weak,0
Senior,Bachelor,High,Strong,1
Junior,Master,High,Weak,0
Mid,PhD,High,Weak,0
Junior,Bachelor,High,Strong,1
Junior,Bachelor,Low,Weak,0
Senior,Bachelor,Low,Strong,0
Mid,Master,Low,Weak,0
Senior,Master,High,Weak,0
Senior,PhD,High,Weak,0
Mid,PhD,Low,Strong,0
Junior,PhD,High,Weak,0
